comment_link,post_link,link,link_type,owner_info
https://reddit.com/r/IOENepal/comments/1e0jovx/anyone_using_this_app_for_preparation_of_license/lcn90vz/,https://www.reddit.com/r/IOENepal/comments/1e0jovx/anyone_using_this_app_for_preparation_of_license/,https://www.reddit.com/message/compose/?to=RemindMeBot&subject=Reminder&message=%5BLink%20or%20message%20inside%20square%20brackets%5D%0A%0ARemindMe%21%20Time%20period%20here,reddit,
https://reddit.com/r/IOENepal/comments/1e0jovx/anyone_using_this_app_for_preparation_of_license/lcn90vz/,https://www.reddit.com/r/IOENepal/comments/1e0jovx/anyone_using_this_app_for_preparation_of_license/,http://www.wolframalpha.com/input/?i=2024-07-12%2008:22:56%20UTC%20To%20Local%20Time,other,
https://reddit.com/r/IOENepal/comments/1e0jovx/anyone_using_this_app_for_preparation_of_license/lcn90vz/,https://www.reddit.com/r/IOENepal/comments/1e0jovx/anyone_using_this_app_for_preparation_of_license/,https://www.reddit.com/r/RemindMeBot/comments/e1bko7/remindmebot_info_v21/,reddit,
https://reddit.com/r/IOENepal/comments/1e0jovx/anyone_using_this_app_for_preparation_of_license/lcn90vz/,https://www.reddit.com/r/IOENepal/comments/1e0jovx/anyone_using_this_app_for_preparation_of_license/,https://www.reddit.com/r/IOENepal/comments/1e0jovx/anyone_using_this_app_for_preparation_of_license/lcn8y0p/?context=3,reddit,
https://reddit.com/r/IOENepal/comments/1e0jovx/anyone_using_this_app_for_preparation_of_license/lcn90vz/,https://www.reddit.com/r/IOENepal/comments/1e0jovx/anyone_using_this_app_for_preparation_of_license/,https://www.reddit.com/message/compose/?to=RemindMeBot&subject=List%20Of%20Reminders&message=MyReminders%21,reddit,
https://reddit.com/r/IOENepal/comments/1e0jovx/anyone_using_this_app_for_preparation_of_license/lcn90vz/,https://www.reddit.com/r/IOENepal/comments/1e0jovx/anyone_using_this_app_for_preparation_of_license/,https://www.reddit.com/message/compose/?to=RemindMeBot&subject=Delete%20Comment&message=Delete%21%201e0jovx,reddit,
https://reddit.com/r/IOENepal/comments/1e0jovx/anyone_using_this_app_for_preparation_of_license/lcn90vz/,https://www.reddit.com/r/IOENepal/comments/1e0jovx/anyone_using_this_app_for_preparation_of_license/,https://www.reddit.com/message/compose/?to=RemindMeBot&subject=Reminder&message=%5Bhttps%3A%2F%2Fwww.reddit.com%2Fr%2FIOENepal%2Fcomments%2F1e0jovx%2Fanyone_using_this_app_for_preparation_of_license%2Flcn8y0p%2F%5D%0A%0ARemindMe%21%202024-07-12%2008%3A22%3A56%20UTC,reddit,
https://reddit.com/r/IOENepal/comments/1e0jovx/anyone_using_this_app_for_preparation_of_license/lcn90vz/,https://www.reddit.com/r/IOENepal/comments/1e0jovx/anyone_using_this_app_for_preparation_of_license/,https://www.reddit.com/message/compose/?to=Watchful1&subject=RemindMeBot%20Feedback,reddit,
https://reddit.com/r/IOENepal/comments/1dzv1fn/about_pea_videos/lcn5ih4/,https://www.reddit.com/r/IOENepal/comments/1dzv1fn/about_pea_videos/,https://chrome.google.com/webstore/detail/faststream/kkeakohpadmbldjaiggikmnldlfkdfog,other,
https://reddit.com/r/IOENepal/comments/1dzv1fn/about_pea_videos/lcn5ih4/,https://www.reddit.com/r/IOENepal/comments/1dzv1fn/about_pea_videos/,https://addons.mozilla.org/en-US/firefox/addon/faststream/,other,
https://reddit.com/r/IOENepal/comments/1dy5q2g/ioe/lc72nfv/,https://www.reddit.com/r/IOENepal/comments/1dy5q2g/ioe/,https://www.facebook.com/groups/ioeentrancepreparationnepal,facebook,
https://reddit.com/r/IOENepal/comments/1dy5q2g/ioe/lc89tvq/,https://www.reddit.com/r/IOENepal/comments/1dy5q2g/ioe/,https://www.facebook.com/groups/ioeentrancepreparationnepal/,facebook,
https://reddit.com/r/IOENepal/comments/1dwhjza/oop_mero_school/lbvuouj/,https://www.reddit.com/r/IOENepal/comments/1dwhjza/oop_mero_school/,giphy|3oD3YOWGfYLwG384bm,other,
https://reddit.com/r/IOENepal/comments/1dv2jc8/thapathali_campus_ma_ke_lafda_vayo/lborex8/,https://www.reddit.com/r/IOENepal/comments/1dv2jc8/thapathali_campus_ma_ke_lafda_vayo/,https://youtu.be/GP74RbNXTgg,youtube,
https://reddit.com/r/IOENepal/comments/1dv2jc8/thapathali_campus_ma_ke_lafda_vayo/lbknlzn/,https://www.reddit.com/r/IOENepal/comments/1dv2jc8/thapathali_campus_ma_ke_lafda_vayo/,https://www.reddit.com/message/compose/?to=RemindMeBot&subject=Reminder&message=%5BLink%20or%20message%20inside%20square%20brackets%5D%0A%0ARemindMe%21%20Time%20period%20here,reddit,
https://reddit.com/r/IOENepal/comments/1dv2jc8/thapathali_campus_ma_ke_lafda_vayo/lbknlzn/,https://www.reddit.com/r/IOENepal/comments/1dv2jc8/thapathali_campus_ma_ke_lafda_vayo/,https://www.reddit.com/r/RemindMeBot/comments/e1bko7/remindmebot_info_v21/,reddit,
https://reddit.com/r/IOENepal/comments/1dv2jc8/thapathali_campus_ma_ke_lafda_vayo/lbknlzn/,https://www.reddit.com/r/IOENepal/comments/1dv2jc8/thapathali_campus_ma_ke_lafda_vayo/,http://www.wolframalpha.com/input/?i=2024-07-07%2009:17:46%20UTC%20To%20Local%20Time,other,
https://reddit.com/r/IOENepal/comments/1dv2jc8/thapathali_campus_ma_ke_lafda_vayo/lbknlzn/,https://www.reddit.com/r/IOENepal/comments/1dv2jc8/thapathali_campus_ma_ke_lafda_vayo/,https://www.reddit.com/message/compose/?to=RemindMeBot&subject=Reminder&message=%5Bhttps%3A%2F%2Fwww.reddit.com%2Fr%2FIOENepal%2Fcomments%2F1dv2jc8%2Fthapathali_campus_ma_ke_lafda_vayo%2Flbknkbh%2F%5D%0A%0ARemindMe%21%202024-07-07%2009%3A17%3A46%20UTC,reddit,
https://reddit.com/r/IOENepal/comments/1dv2jc8/thapathali_campus_ma_ke_lafda_vayo/lbknlzn/,https://www.reddit.com/r/IOENepal/comments/1dv2jc8/thapathali_campus_ma_ke_lafda_vayo/,https://www.reddit.com/message/compose/?to=RemindMeBot&subject=List%20Of%20Reminders&message=MyReminders%21,reddit,
https://reddit.com/r/IOENepal/comments/1dv2jc8/thapathali_campus_ma_ke_lafda_vayo/lbknlzn/,https://www.reddit.com/r/IOENepal/comments/1dv2jc8/thapathali_campus_ma_ke_lafda_vayo/,https://www.reddit.com/r/IOENepal/comments/1dv2jc8/thapathali_campus_ma_ke_lafda_vayo/lbknkbh/?context=3,reddit,
https://reddit.com/r/IOENepal/comments/1dv2jc8/thapathali_campus_ma_ke_lafda_vayo/lbknlzn/,https://www.reddit.com/r/IOENepal/comments/1dv2jc8/thapathali_campus_ma_ke_lafda_vayo/,https://www.reddit.com/message/compose/?to=RemindMeBot&subject=Delete%20Comment&message=Delete%21%201dv2jc8,reddit,
https://reddit.com/r/IOENepal/comments/1dv2jc8/thapathali_campus_ma_ke_lafda_vayo/lbknlzn/,https://www.reddit.com/r/IOENepal/comments/1dv2jc8/thapathali_campus_ma_ke_lafda_vayo/,https://www.reddit.com/message/compose/?to=Watchful1&subject=RemindMeBot%20Feedback,reddit,
https://reddit.com/r/IOENepal/comments/1dv2jc8/thapathali_campus_ma_ke_lafda_vayo/lbora05/,https://www.reddit.com/r/IOENepal/comments/1dv2jc8/thapathali_campus_ma_ke_lafda_vayo/,https://youtu.be/GP74RbNXTgg,youtube,
https://reddit.com/r/IOENepal/comments/1du8kjw/ioe_entrace_prep_courses/lbg0xdx/,https://www.reddit.com/r/IOENepal/comments/1du8kjw/ioe_entrace_prep_courses/,https://notesioe.com/ioe-entrance-preparation/ioe-entrance-syllabus/,other,
https://reddit.com/r/IOENepal/comments/1dsubr8/bsc_csit_ko_entrance_form/lb867w7/,https://www.reddit.com/r/IOENepal/comments/1dsubr8/bsc_csit_ko_entrance_form/,https://iost.tu.edu.np/notices/3562,other,
https://reddit.com/r/IOENepal/comments/1dsoyec/gre_ko_2nd_hand_book_kata_painxa/lb4hbh3/,https://www.reddit.com/r/IOENepal/comments/1dsoyec/gre_ko_2nd_hand_book_kata_painxa/,https://www.reddit.com/message/compose/?to=RemindMeBot&subject=Reminder&message=%5BLink%20or%20message%20inside%20square%20brackets%5D%0A%0ARemindMe%21%20Time%20period%20here,reddit,
https://reddit.com/r/IOENepal/comments/1dsoyec/gre_ko_2nd_hand_book_kata_painxa/lb4hbh3/,https://www.reddit.com/r/IOENepal/comments/1dsoyec/gre_ko_2nd_hand_book_kata_painxa/,https://www.reddit.com/r/RemindMeBot/comments/e1bko7/remindmebot_info_v21/,reddit,
https://reddit.com/r/IOENepal/comments/1dsoyec/gre_ko_2nd_hand_book_kata_painxa/lb4hbh3/,https://www.reddit.com/r/IOENepal/comments/1dsoyec/gre_ko_2nd_hand_book_kata_painxa/,http://www.wolframalpha.com/input/?i=2024-07-02%2013:30:51%20UTC%20To%20Local%20Time,other,
https://reddit.com/r/IOENepal/comments/1dsoyec/gre_ko_2nd_hand_book_kata_painxa/lb4hbh3/,https://www.reddit.com/r/IOENepal/comments/1dsoyec/gre_ko_2nd_hand_book_kata_painxa/,https://www.reddit.com/r/IOENepal/comments/1dsoyec/gre_ko_2nd_hand_book_kata_painxa/lb4h731/?context=3,reddit,
https://reddit.com/r/IOENepal/comments/1dsoyec/gre_ko_2nd_hand_book_kata_painxa/lb4hbh3/,https://www.reddit.com/r/IOENepal/comments/1dsoyec/gre_ko_2nd_hand_book_kata_painxa/,https://www.reddit.com/message/compose/?to=Watchful1&subject=RemindMeBot%20Feedback,reddit,
https://reddit.com/r/IOENepal/comments/1dsoyec/gre_ko_2nd_hand_book_kata_painxa/lb4hbh3/,https://www.reddit.com/r/IOENepal/comments/1dsoyec/gre_ko_2nd_hand_book_kata_painxa/,https://www.reddit.com/message/compose/?to=RemindMeBot&subject=List%20Of%20Reminders&message=MyReminders%21,reddit,
https://reddit.com/r/IOENepal/comments/1dsoyec/gre_ko_2nd_hand_book_kata_painxa/lb4hbh3/,https://www.reddit.com/r/IOENepal/comments/1dsoyec/gre_ko_2nd_hand_book_kata_painxa/,https://www.reddit.com/message/compose/?to=RemindMeBot&subject=Reminder&message=%5Bhttps%3A%2F%2Fwww.reddit.com%2Fr%2FIOENepal%2Fcomments%2F1dsoyec%2Fgre_ko_2nd_hand_book_kata_painxa%2Flb4h731%2F%5D%0A%0ARemindMe%21%202024-07-02%2013%3A30%3A51%20UTC,reddit,
https://reddit.com/r/IOENepal/comments/1dsoyec/gre_ko_2nd_hand_book_kata_painxa/lb4hbh3/,https://www.reddit.com/r/IOENepal/comments/1dsoyec/gre_ko_2nd_hand_book_kata_painxa/,https://www.reddit.com/message/compose/?to=RemindMeBot&subject=Delete%20Comment&message=Delete%21%201dsoyec,reddit,
https://reddit.com/r/IOENepal/comments/1drus86/please_kosai_sanga_construction_management_ko/lay59um/,https://www.reddit.com/r/IOENepal/comments/1drus86/please_kosai_sanga_construction_management_ko/,https://drive.google.com/drive/folders/1zrDw6jNf-HzTlCJtJhsbnIz0b9jNvu52?usp=sharing,google-drive,"[{'displayName': 'petersmithps666', 'emailAddress': 'petersmithps666@gmail.com'}]"
https://reddit.com/r/IOENepal/comments/1dpv8eq/c/lajsbk9/,https://www.reddit.com/r/IOENepal/comments/1dpv8eq/c/,https://www.youtube.com/@TheCherno/featured,youtube,
https://reddit.com/r/IOENepal/comments/1dphia1/etabs_for_building_project/lahg9n1/,https://www.reddit.com/r/IOENepal/comments/1dphia1/etabs_for_building_project/,https://youtube.com/playlist?list=PL9UkD4uHO4g-c1558AqasfZ_Dh-9VGW1R&si=aMyy-jNdVzFdYm2u,other,
https://reddit.com/r/IOENepal/comments/1dp0o98/photo_resize_kasari_garne_best_website_vandinu_na/ladosy9/,https://www.reddit.com/r/IOENepal/comments/1dp0o98/photo_resize_kasari_garne_best_website_vandinu_na/,http://photopea.com,other,
https://reddit.com/r/IOENepal/comments/1doofku/kati_jana_le_dinxan/lacb0d8/,https://www.reddit.com/r/IOENepal/comments/1doofku/kati_jana_le_dinxan/,giphy|dIncxHCFdBMhFTxg9q,other,
https://reddit.com/r/IOENepal/comments/1dndazt/chemistry_insight_pdf/la1q4n5/,https://www.reddit.com/r/IOENepal/comments/1dndazt/chemistry_insight_pdf/,https://bctengineeringnotes.blogspot.com/,other,
https://reddit.com/r/IOENepal/comments/1dn1ri6/yspali_even_sem_ko_back_exam/la1npd0/,https://www.reddit.com/r/IOENepal/comments/1dn1ri6/yspali_even_sem_ko_back_exam/,https://www.reddit.com/message/compose/?to=RemindMeBot&subject=Reminder&message=%5BLink%20or%20message%20inside%20square%20brackets%5D%0A%0ARemindMe%21%20Time%20period%20here,reddit,
https://reddit.com/r/IOENepal/comments/1dn1ri6/yspali_even_sem_ko_back_exam/la1npd0/,https://www.reddit.com/r/IOENepal/comments/1dn1ri6/yspali_even_sem_ko_back_exam/,https://www.reddit.com/r/IOENepal/comments/1dn1ri6/yspali_even_sem_ko_back_exam/la1nlaf/?context=3,reddit,
https://reddit.com/r/IOENepal/comments/1dn1ri6/yspali_even_sem_ko_back_exam/la1npd0/,https://www.reddit.com/r/IOENepal/comments/1dn1ri6/yspali_even_sem_ko_back_exam/,https://www.reddit.com/r/RemindMeBot/comments/e1bko7/remindmebot_info_v21/,reddit,
https://reddit.com/r/IOENepal/comments/1dn1ri6/yspali_even_sem_ko_back_exam/la1npd0/,https://www.reddit.com/r/IOENepal/comments/1dn1ri6/yspali_even_sem_ko_back_exam/,https://www.reddit.com/message/compose/?to=RemindMeBot&subject=Delete%20Comment&message=Delete%21%201dn1ri6,reddit,
https://reddit.com/r/IOENepal/comments/1dn1ri6/yspali_even_sem_ko_back_exam/la1npd0/,https://www.reddit.com/r/IOENepal/comments/1dn1ri6/yspali_even_sem_ko_back_exam/,http://www.wolframalpha.com/input/?i=2024-06-26%2013:22:42%20UTC%20To%20Local%20Time,other,
https://reddit.com/r/IOENepal/comments/1dn1ri6/yspali_even_sem_ko_back_exam/la1npd0/,https://www.reddit.com/r/IOENepal/comments/1dn1ri6/yspali_even_sem_ko_back_exam/,https://www.reddit.com/message/compose/?to=RemindMeBot&subject=List%20Of%20Reminders&message=MyReminders%21,reddit,
https://reddit.com/r/IOENepal/comments/1dn1ri6/yspali_even_sem_ko_back_exam/la1npd0/,https://www.reddit.com/r/IOENepal/comments/1dn1ri6/yspali_even_sem_ko_back_exam/,https://www.reddit.com/message/compose/?to=RemindMeBot&subject=Reminder&message=%5Bhttps%3A%2F%2Fwww.reddit.com%2Fr%2FIOENepal%2Fcomments%2F1dn1ri6%2Fyspali_even_sem_ko_back_exam%2Fla1nlaf%2F%5D%0A%0ARemindMe%21%202024-06-26%2013%3A22%3A42%20UTC,reddit,
https://reddit.com/r/IOENepal/comments/1dn1ri6/yspali_even_sem_ko_back_exam/la1npd0/,https://www.reddit.com/r/IOENepal/comments/1dn1ri6/yspali_even_sem_ko_back_exam/,https://www.reddit.com/message/compose/?to=Watchful1&subject=RemindMeBot%20Feedback,reddit,
https://reddit.com/r/IOENepal/comments/1dmk21f/34_ota_back_xa_4years_sakyo_need_help_on/l9wo1f0/,https://www.reddit.com/r/IOENepal/comments/1dmk21f/34_ota_back_xa_4years_sakyo_need_help_on/,https://www.reddit.com/message/compose?to=LuckyNumber-Bot&subject=Stalk%20Me%20Pls&message=%2Fstalkme,reddit,
https://reddit.com/r/IOENepal/comments/1dmaspp/csit_entrance_khile_bata_start_hunxa/l9vzvt5/,https://www.reddit.com/r/IOENepal/comments/1dmaspp/csit_entrance_khile_bata_start_hunxa/,http://iost.tu.edu.np,other,
https://reddit.com/r/IOENepal/comments/1dkbzpu/mero_school/l9lof53/,https://www.reddit.com/r/IOENepal/comments/1dkbzpu/mero_school/,https://youtu.be/ngU94m5yrl8?si=z8BOBUewLnkw08wZ,youtube,
https://reddit.com/r/IOENepal/comments/1djmt3v/help/l9felw9/,https://www.reddit.com/r/IOENepal/comments/1djmt3v/help/,https://www.youtube.com/watch?v=B2_Asqojinc,youtube,
https://reddit.com/r/IOENepal/comments/1djmt3v/help/l9felw9/,https://www.reddit.com/r/IOENepal/comments/1djmt3v/help/,https://www.youtube.com/watch?v=bWuHp0YXjKk,youtube,
https://reddit.com/r/IOENepal/comments/1djlh92/to_all_jholes/l9fw434/,https://www.reddit.com/r/IOENepal/comments/1djlh92/to_all_jholes/,giphy|67ThRZlYBvibtdF9JH|downsized,other,
https://reddit.com/r/IOENepal/comments/1djfwvz/looking_for_career_advice/l9ag2ym/,https://www.reddit.com/r/IOENepal/comments/1djfwvz/looking_for_career_advice/,https://www.reddit.com/message/compose/?to=RemindMeBot&subject=Reminder&message=%5BLink%20or%20message%20inside%20square%20brackets%5D%0A%0ARemindMe%21%20Time%20period%20here,reddit,
https://reddit.com/r/IOENepal/comments/1djfwvz/looking_for_career_advice/l9ag2ym/,https://www.reddit.com/r/IOENepal/comments/1djfwvz/looking_for_career_advice/,https://www.reddit.com/r/RemindMeBot/comments/e1bko7/remindmebot_info_v21/,reddit,
https://reddit.com/r/IOENepal/comments/1djfwvz/looking_for_career_advice/l9ag2ym/,https://www.reddit.com/r/IOENepal/comments/1djfwvz/looking_for_career_advice/,https://www.reddit.com/message/compose/?to=Watchful1&subject=RemindMeBot%20Feedback,reddit,
https://reddit.com/r/IOENepal/comments/1djfwvz/looking_for_career_advice/l9ag2ym/,https://www.reddit.com/r/IOENepal/comments/1djfwvz/looking_for_career_advice/,https://www.reddit.com/message/compose/?to=RemindMeBot&subject=Delete%20Comment&message=Delete%21%201djfwvz,reddit,
https://reddit.com/r/IOENepal/comments/1djfwvz/looking_for_career_advice/l9ag2ym/,https://www.reddit.com/r/IOENepal/comments/1djfwvz/looking_for_career_advice/,https://www.reddit.com/r/IOENepal/comments/1djfwvz/looking_for_career_advice/l9ag0q9/?context=3,reddit,
https://reddit.com/r/IOENepal/comments/1djfwvz/looking_for_career_advice/l9ag2ym/,https://www.reddit.com/r/IOENepal/comments/1djfwvz/looking_for_career_advice/,https://www.reddit.com/message/compose/?to=RemindMeBot&subject=List%20Of%20Reminders&message=MyReminders%21,reddit,
https://reddit.com/r/IOENepal/comments/1djfwvz/looking_for_career_advice/l9ag2ym/,https://www.reddit.com/r/IOENepal/comments/1djfwvz/looking_for_career_advice/,http://www.wolframalpha.com/input/?i=2024-06-20%2010:42:54%20UTC%20To%20Local%20Time,other,
https://reddit.com/r/IOENepal/comments/1djfwvz/looking_for_career_advice/l9ag2ym/,https://www.reddit.com/r/IOENepal/comments/1djfwvz/looking_for_career_advice/,https://www.reddit.com/message/compose/?to=RemindMeBot&subject=Reminder&message=%5Bhttps%3A%2F%2Fwww.reddit.com%2Fr%2FIOENepal%2Fcomments%2F1djfwvz%2Flooking_for_career_advice%2Fl9ag0q9%2F%5D%0A%0ARemindMe%21%202024-06-20%2010%3A42%3A54%20UTC,reddit,
https://reddit.com/r/IOENepal/comments/1dj9hfa/dsap_ivi/l99bw00/,https://www.reddit.com/r/IOENepal/comments/1dj9hfa/dsap_ivi/,https://youtube.com/playlist?list=PL8157CA8884571BA2&si=j_y9Llznoqy7K-po,other,
https://reddit.com/r/IOENepal/comments/1dj9hfa/dsap_ivi/l99bw00/,https://www.reddit.com/r/IOENepal/comments/1dj9hfa/dsap_ivi/,https://www.youtube.com/playlist?list=PLy2hoxH88cxh4EEClB5NT1lq6IeTLhj69,youtube,
https://reddit.com/r/IOENepal/comments/1diqllv/transcript_form/l95sbh6/,https://www.reddit.com/r/IOENepal/comments/1diqllv/transcript_form/,https://www.reddit.com/message/compose/?to=RemindMeBot&subject=Reminder&message=%5BLink%20or%20message%20inside%20square%20brackets%5D%0A%0ARemindMe%21%20Time%20period%20here,reddit,
https://reddit.com/r/IOENepal/comments/1diqllv/transcript_form/l95sbh6/,https://www.reddit.com/r/IOENepal/comments/1diqllv/transcript_form/,https://www.reddit.com/r/RemindMeBot/comments/e1bko7/remindmebot_info_v21/,reddit,
https://reddit.com/r/IOENepal/comments/1diqllv/transcript_form/l95sbh6/,https://www.reddit.com/r/IOENepal/comments/1diqllv/transcript_form/,https://www.reddit.com/r/IOENepal/comments/1diqllv/transcript_form/l95s71o/?context=3,reddit,
https://reddit.com/r/IOENepal/comments/1diqllv/transcript_form/l95sbh6/,https://www.reddit.com/r/IOENepal/comments/1diqllv/transcript_form/,https://www.reddit.com/message/compose/?to=RemindMeBot&subject=List%20Of%20Reminders&message=MyReminders%21,reddit,
https://reddit.com/r/IOENepal/comments/1diqllv/transcript_form/l95sbh6/,https://www.reddit.com/r/IOENepal/comments/1diqllv/transcript_form/,https://www.reddit.com/message/compose/?to=RemindMeBot&subject=Delete%20Comment&message=Delete%21%201diqllv,reddit,
https://reddit.com/r/IOENepal/comments/1diqllv/transcript_form/l95sbh6/,https://www.reddit.com/r/IOENepal/comments/1diqllv/transcript_form/,http://www.wolframalpha.com/input/?i=2024-06-19%2014:39:55%20UTC%20To%20Local%20Time,other,
https://reddit.com/r/IOENepal/comments/1diqllv/transcript_form/l95sbh6/,https://www.reddit.com/r/IOENepal/comments/1diqllv/transcript_form/,https://www.reddit.com/message/compose/?to=Watchful1&subject=RemindMeBot%20Feedback,reddit,
https://reddit.com/r/IOENepal/comments/1diqllv/transcript_form/l95sbh6/,https://www.reddit.com/r/IOENepal/comments/1diqllv/transcript_form/,https://www.reddit.com/message/compose/?to=RemindMeBot&subject=Reminder&message=%5Bhttps%3A%2F%2Fwww.reddit.com%2Fr%2FIOENepal%2Fcomments%2F1diqllv%2Ftranscript_form%2Fl95s71o%2F%5D%0A%0ARemindMe%21%202024-06-19%2014%3A39%3A55%20UTC,reddit,
https://reddit.com/r/IOENepal/comments/1digzw2/how_do_you_clear_backlogs_im_dying_of_pressure_i/l943jc4/,https://www.reddit.com/r/IOENepal/comments/1digzw2/how_do_you_clear_backlogs_im_dying_of_pressure_i/,https://www.reddit.com/r/IOENepal/s/sDaTOF7EeD,reddit,
https://reddit.com/r/IOENepal/comments/1di7ty6/bit_sakepaxi_usauscanada_ma_masters_ko_lagi_kun/l94w57s/,https://www.reddit.com/r/IOENepal/comments/1di7ty6/bit_sakepaxi_usauscanada_ma_masters_ko_lagi_kun/,https://www.reddit.com/message/compose/?to=RemindMeBot&subject=Reminder&message=%5BLink%20or%20message%20inside%20square%20brackets%5D%0A%0ARemindMe%21%20Time%20period%20here,reddit,
https://reddit.com/r/IOENepal/comments/1di7ty6/bit_sakepaxi_usauscanada_ma_masters_ko_lagi_kun/l94w57s/,https://www.reddit.com/r/IOENepal/comments/1di7ty6/bit_sakepaxi_usauscanada_ma_masters_ko_lagi_kun/,https://www.reddit.com/r/RemindMeBot/comments/e1bko7/remindmebot_info_v21/,reddit,
https://reddit.com/r/IOENepal/comments/1di7ty6/bit_sakepaxi_usauscanada_ma_masters_ko_lagi_kun/l94w57s/,https://www.reddit.com/r/IOENepal/comments/1di7ty6/bit_sakepaxi_usauscanada_ma_masters_ko_lagi_kun/,https://www.reddit.com/message/compose/?to=Watchful1&subject=RemindMeBot%20Feedback,reddit,
https://reddit.com/r/IOENepal/comments/1di7ty6/bit_sakepaxi_usauscanada_ma_masters_ko_lagi_kun/l94w57s/,https://www.reddit.com/r/IOENepal/comments/1di7ty6/bit_sakepaxi_usauscanada_ma_masters_ko_lagi_kun/,https://www.reddit.com/r/IOENepal/comments/1di7ty6/bit_sakepaxi_usauscanada_ma_masters_ko_lagi_kun/l94w2bx/?context=3,reddit,
https://reddit.com/r/IOENepal/comments/1di7ty6/bit_sakepaxi_usauscanada_ma_masters_ko_lagi_kun/l94w57s/,https://www.reddit.com/r/IOENepal/comments/1di7ty6/bit_sakepaxi_usauscanada_ma_masters_ko_lagi_kun/,https://www.reddit.com/message/compose/?to=RemindMeBot&subject=Delete%20Comment&message=Delete%21%201di7ty6,reddit,
https://reddit.com/r/IOENepal/comments/1di7ty6/bit_sakepaxi_usauscanada_ma_masters_ko_lagi_kun/l94w57s/,https://www.reddit.com/r/IOENepal/comments/1di7ty6/bit_sakepaxi_usauscanada_ma_masters_ko_lagi_kun/,https://www.reddit.com/message/compose/?to=RemindMeBot&subject=List%20Of%20Reminders&message=MyReminders%21,reddit,
https://reddit.com/r/IOENepal/comments/1di7ty6/bit_sakepaxi_usauscanada_ma_masters_ko_lagi_kun/l94w57s/,https://www.reddit.com/r/IOENepal/comments/1di7ty6/bit_sakepaxi_usauscanada_ma_masters_ko_lagi_kun/,https://www.reddit.com/message/compose/?to=RemindMeBot&subject=Reminder&message=%5Bhttps%3A%2F%2Fwww.reddit.com%2Fr%2FIOENepal%2Fcomments%2F1di7ty6%2Fbit_sakepaxi_usauscanada_ma_masters_ko_lagi_kun%2Fl94w2bx%2F%5D%0A%0ARemindMe%21%202024-06-23%2010%3A43%3A06%20UTC,reddit,
https://reddit.com/r/IOENepal/comments/1di7ty6/bit_sakepaxi_usauscanada_ma_masters_ko_lagi_kun/l94w57s/,https://www.reddit.com/r/IOENepal/comments/1di7ty6/bit_sakepaxi_usauscanada_ma_masters_ko_lagi_kun/,http://www.wolframalpha.com/input/?i=2024-06-23%2010:43:06%20UTC%20To%20Local%20Time,other,
https://reddit.com/r/IOENepal/comments/1dgn3fo/transcript/l8sthft/,https://www.reddit.com/r/IOENepal/comments/1dgn3fo/transcript/,https://www.reddit.com/message/compose/?to=RemindMeBot&subject=Reminder&message=%5BLink%20or%20message%20inside%20square%20brackets%5D%0A%0ARemindMe%21%20Time%20period%20here,reddit,
https://reddit.com/r/IOENepal/comments/1dgn3fo/transcript/l8sthft/,https://www.reddit.com/r/IOENepal/comments/1dgn3fo/transcript/,https://www.reddit.com/r/RemindMeBot/comments/e1bko7/remindmebot_info_v21/,reddit,
https://reddit.com/r/IOENepal/comments/1dgn3fo/transcript/l8sthft/,https://www.reddit.com/r/IOENepal/comments/1dgn3fo/transcript/,https://www.reddit.com/r/IOENepal/comments/1dgn3fo/transcript/l8ste2q/?context=3,reddit,
https://reddit.com/r/IOENepal/comments/1dgn3fo/transcript/l8sthft/,https://www.reddit.com/r/IOENepal/comments/1dgn3fo/transcript/,http://www.wolframalpha.com/input/?i=2024-06-17%2001:15:06%20UTC%20To%20Local%20Time,other,
https://reddit.com/r/IOENepal/comments/1dgn3fo/transcript/l8sthft/,https://www.reddit.com/r/IOENepal/comments/1dgn3fo/transcript/,https://www.reddit.com/message/compose/?to=RemindMeBot&subject=List%20Of%20Reminders&message=MyReminders%21,reddit,
https://reddit.com/r/IOENepal/comments/1dgn3fo/transcript/l8sthft/,https://www.reddit.com/r/IOENepal/comments/1dgn3fo/transcript/,https://www.reddit.com/message/compose/?to=RemindMeBot&subject=Delete%20Comment&message=Delete%21%201dgn3fo,reddit,
https://reddit.com/r/IOENepal/comments/1dgn3fo/transcript/l8sthft/,https://www.reddit.com/r/IOENepal/comments/1dgn3fo/transcript/,https://www.reddit.com/message/compose/?to=Watchful1&subject=RemindMeBot%20Feedback,reddit,
https://reddit.com/r/IOENepal/comments/1dgn3fo/transcript/l8sthft/,https://www.reddit.com/r/IOENepal/comments/1dgn3fo/transcript/,https://www.reddit.com/message/compose/?to=RemindMeBot&subject=Reminder&message=%5Bhttps%3A%2F%2Fwww.reddit.com%2Fr%2FIOENepal%2Fcomments%2F1dgn3fo%2Ftranscript%2Fl8ste2q%2F%5D%0A%0ARemindMe%21%202024-06-17%2001%3A15%3A06%20UTC,reddit,
https://reddit.com/r/IOENepal/comments/1dgn3fo/transcript/l8zswci/,https://www.reddit.com/r/IOENepal/comments/1dgn3fo/transcript/,https://www.reddit.com/message/compose/?to=RemindMeBot&subject=Reminder&message=%5BLink%20or%20message%20inside%20square%20brackets%5D%0A%0ARemindMe%21%20Time%20period%20here,reddit,
https://reddit.com/r/IOENepal/comments/1dgn3fo/transcript/l8zswci/,https://www.reddit.com/r/IOENepal/comments/1dgn3fo/transcript/,https://www.reddit.com/r/RemindMeBot/comments/e1bko7/remindmebot_info_v21/,reddit,
https://reddit.com/r/IOENepal/comments/1dgn3fo/transcript/l8zswci/,https://www.reddit.com/r/IOENepal/comments/1dgn3fo/transcript/,https://www.reddit.com/r/IOENepal/comments/1dgn3fo/transcript/l8zsti9/?context=3,reddit,
https://reddit.com/r/IOENepal/comments/1dgn3fo/transcript/l8zswci/,https://www.reddit.com/r/IOENepal/comments/1dgn3fo/transcript/,https://www.reddit.com/message/compose/?to=RemindMeBot&subject=List%20Of%20Reminders&message=MyReminders%21,reddit,
https://reddit.com/r/IOENepal/comments/1dgn3fo/transcript/l8zswci/,https://www.reddit.com/r/IOENepal/comments/1dgn3fo/transcript/,https://www.reddit.com/message/compose/?to=RemindMeBot&subject=Reminder&message=%5Bhttps%3A%2F%2Fwww.reddit.com%2Fr%2FIOENepal%2Fcomments%2F1dgn3fo%2Ftranscript%2Fl8zsti9%2F%5D%0A%0ARemindMe%21%202024-06-18%2012%3A55%3A24%20UTC,reddit,
https://reddit.com/r/IOENepal/comments/1dgn3fo/transcript/l8zswci/,https://www.reddit.com/r/IOENepal/comments/1dgn3fo/transcript/,https://www.reddit.com/message/compose/?to=RemindMeBot&subject=Delete%20Comment&message=Delete%21%201dgn3fo,reddit,
https://reddit.com/r/IOENepal/comments/1dgn3fo/transcript/l8zswci/,https://www.reddit.com/r/IOENepal/comments/1dgn3fo/transcript/,http://www.wolframalpha.com/input/?i=2024-06-18%2012:55:24%20UTC%20To%20Local%20Time,other,
https://reddit.com/r/IOENepal/comments/1dgn3fo/transcript/l8zswci/,https://www.reddit.com/r/IOENepal/comments/1dgn3fo/transcript/,https://www.reddit.com/message/compose/?to=Watchful1&subject=RemindMeBot%20Feedback,reddit,
https://reddit.com/r/IOENepal/comments/1dfttzg/civil_engineering_loksewa_7th_level/l8lh9xa/,https://www.reddit.com/r/IOENepal/comments/1dfttzg/civil_engineering_loksewa_7th_level/,https://www.reddit.com/message/compose/?to=RemindMeBot&subject=Reminder&message=%5BLink%20or%20message%20inside%20square%20brackets%5D%0A%0ARemindMe%21%20Time%20period%20here,reddit,
https://reddit.com/r/IOENepal/comments/1dfttzg/civil_engineering_loksewa_7th_level/l8lh9xa/,https://www.reddit.com/r/IOENepal/comments/1dfttzg/civil_engineering_loksewa_7th_level/,https://www.reddit.com/message/compose/?to=RemindMeBot&subject=Delete%20Comment&message=Delete%21%201dfttzg,reddit,
https://reddit.com/r/IOENepal/comments/1dfttzg/civil_engineering_loksewa_7th_level/l8lh9xa/,https://www.reddit.com/r/IOENepal/comments/1dfttzg/civil_engineering_loksewa_7th_level/,https://www.reddit.com/r/RemindMeBot/comments/e1bko7/remindmebot_info_v21/,reddit,
https://reddit.com/r/IOENepal/comments/1dfttzg/civil_engineering_loksewa_7th_level/l8lh9xa/,https://www.reddit.com/r/IOENepal/comments/1dfttzg/civil_engineering_loksewa_7th_level/,https://www.reddit.com/message/compose/?to=RemindMeBot&subject=Reminder&message=%5Bhttps%3A%2F%2Fwww.reddit.com%2Fr%2FIOENepal%2Fcomments%2F1dfttzg%2Fcivil_engineering_loksewa_7th_level%2Fl8lh63a%2F%5D%0A%0ARemindMe%21%202024-06-15%2015%3A52%3A23%20UTC,reddit,
https://reddit.com/r/IOENepal/comments/1dfttzg/civil_engineering_loksewa_7th_level/l8lh9xa/,https://www.reddit.com/r/IOENepal/comments/1dfttzg/civil_engineering_loksewa_7th_level/,https://www.reddit.com/message/compose/?to=RemindMeBot&subject=List%20Of%20Reminders&message=MyReminders%21,reddit,
https://reddit.com/r/IOENepal/comments/1dfttzg/civil_engineering_loksewa_7th_level/l8lh9xa/,https://www.reddit.com/r/IOENepal/comments/1dfttzg/civil_engineering_loksewa_7th_level/,http://www.wolframalpha.com/input/?i=2024-06-15%2015:52:23%20UTC%20To%20Local%20Time,other,
https://reddit.com/r/IOENepal/comments/1dfttzg/civil_engineering_loksewa_7th_level/l8lh9xa/,https://www.reddit.com/r/IOENepal/comments/1dfttzg/civil_engineering_loksewa_7th_level/,https://www.reddit.com/r/IOENepal/comments/1dfttzg/civil_engineering_loksewa_7th_level/l8lh63a/?context=3,reddit,
https://reddit.com/r/IOENepal/comments/1dfttzg/civil_engineering_loksewa_7th_level/l8lh9xa/,https://www.reddit.com/r/IOENepal/comments/1dfttzg/civil_engineering_loksewa_7th_level/,https://www.reddit.com/message/compose/?to=Watchful1&subject=RemindMeBot%20Feedback,reddit,
https://reddit.com/r/IOENepal/comments/1dfjbve/need_guidance_regarding_my_minor_project/l8lfwng/,https://www.reddit.com/r/IOENepal/comments/1dfjbve/need_guidance_regarding_my_minor_project/,http://9.Audio/image,other,
https://reddit.com/r/IOENepal/comments/1dfjbve/need_guidance_regarding_my_minor_project/l8lfwng/,https://www.reddit.com/r/IOENepal/comments/1dfjbve/need_guidance_regarding_my_minor_project/,http://7.Next,other,
https://reddit.com/r/IOENepal/comments/1dfjbve/need_guidance_regarding_my_minor_project/l8lfwng/,https://www.reddit.com/r/IOENepal/comments/1dfjbve/need_guidance_regarding_my_minor_project/,http://8.Digital,other,
https://reddit.com/r/IOENepal/comments/1dfjbve/need_guidance_regarding_my_minor_project/l8lfwng/,https://www.reddit.com/r/IOENepal/comments/1dfjbve/need_guidance_regarding_my_minor_project/,http://13.Diet,other,
https://reddit.com/r/IOENepal/comments/1dfjbve/need_guidance_regarding_my_minor_project/l8lfwng/,https://www.reddit.com/r/IOENepal/comments/1dfjbve/need_guidance_regarding_my_minor_project/,http://6.Movie,other,
https://reddit.com/r/IOENepal/comments/1dfjbve/need_guidance_regarding_my_minor_project/l8lfwng/,https://www.reddit.com/r/IOENepal/comments/1dfjbve/need_guidance_regarding_my_minor_project/,http://18.Video,other,
https://reddit.com/r/IOENepal/comments/1de5eq5/microsoft_student_ambassadors/lctd7qa/,https://www.reddit.com/r/IOENepal/comments/1de5eq5/microsoft_student_ambassadors/,https://learn.microsoft.com/en-gb/training/courses/az-900t00?wt.mc_id=studentamb_397810,other,
https://reddit.com/r/IOENepal/comments/1de5eq5/microsoft_student_ambassadors/lctd7qa/,https://www.reddit.com/r/IOENepal/comments/1de5eq5/microsoft_student_ambassadors/,https://learn.microsoft.com/en-us/training/courses/az-204t00?wt.mc_id=studentamb_397810,other,
https://reddit.com/r/IOENepal/comments/1de5eq5/microsoft_student_ambassadors/lctd7qa/,https://www.reddit.com/r/IOENepal/comments/1de5eq5/microsoft_student_ambassadors/,https://learn.microsoft.com/en-gb/training/courses/dp-900t00?wt.mc_id=studentamb_397810,other,
https://reddit.com/r/IOENepal/comments/1de5eq5/microsoft_student_ambassadors/lctd7qa/,https://www.reddit.com/r/IOENepal/comments/1de5eq5/microsoft_student_ambassadors/,https://learn.microsoft.com/en-gb/training/courses/az-305t00?wt.mc_id=studentamb_397810,other,
https://reddit.com/r/IOENepal/comments/1de5eq5/microsoft_student_ambassadors/lctd7qa/,https://www.reddit.com/r/IOENepal/comments/1de5eq5/microsoft_student_ambassadors/,https://learn.microsoft.com/en-gb/training/courses/az-140t00?wt.mc_id=studentamb_397810,other,
https://reddit.com/r/IOENepal/comments/1de5eq5/microsoft_student_ambassadors/lctd7qa/,https://www.reddit.com/r/IOENepal/comments/1de5eq5/microsoft_student_ambassadors/,https://learn.microsoft.com/en-gb/training/courses/az-104t00?wt.mc_id=studentamb_397810,other,
https://reddit.com/r/IOENepal/comments/1de4vbi/serious_question_please_take_your_time_and_answer/l89ondl/,https://www.reddit.com/r/IOENepal/comments/1de4vbi/serious_question_please_take_your_time_and_answer/,giphy|fhAwk4DnqNgw8,other,
https://reddit.com/r/IOENepal/comments/1dbvvlc/bct_5th_sem/l7yfm6l/,https://www.reddit.com/r/IOENepal/comments/1dbvvlc/bct_5th_sem/,https://www.youtube.com/playlist?list=PLwqCsahO7nSI4GKdc4t1CcInIr7zYLuxR,youtube,
https://reddit.com/r/IOENepal/comments/1dawule/license_exam/l7nc6qn/,https://www.reddit.com/r/IOENepal/comments/1dawule/license_exam/,https://www.reddit.com/message/compose/?to=RemindMeBot&subject=Reminder&message=%5BLink%20or%20message%20inside%20square%20brackets%5D%0A%0ARemindMe%21%20Time%20period%20here,reddit,
https://reddit.com/r/IOENepal/comments/1dawule/license_exam/l7nc6qn/,https://www.reddit.com/r/IOENepal/comments/1dawule/license_exam/,https://www.reddit.com/r/IOENepal/comments/1dawule/license_exam/l7nc46r/?context=3,reddit,
https://reddit.com/r/IOENepal/comments/1dawule/license_exam/l7nc6qn/,https://www.reddit.com/r/IOENepal/comments/1dawule/license_exam/,https://www.reddit.com/r/RemindMeBot/comments/e1bko7/remindmebot_info_v21/,reddit,
https://reddit.com/r/IOENepal/comments/1dawule/license_exam/l7nc6qn/,https://www.reddit.com/r/IOENepal/comments/1dawule/license_exam/,https://www.reddit.com/message/compose/?to=RemindMeBot&subject=Reminder&message=%5Bhttps%3A%2F%2Fwww.reddit.com%2Fr%2FIOENepal%2Fcomments%2F1dawule%2Flicense_exam%2Fl7nc46r%2F%5D%0A%0ARemindMe%21%202024-06-09%2007%3A46%3A53%20UTC,reddit,
https://reddit.com/r/IOENepal/comments/1dawule/license_exam/l7nc6qn/,https://www.reddit.com/r/IOENepal/comments/1dawule/license_exam/,https://www.reddit.com/message/compose/?to=RemindMeBot&subject=Delete%20Comment&message=Delete%21%201dawule,reddit,
https://reddit.com/r/IOENepal/comments/1dawule/license_exam/l7nc6qn/,https://www.reddit.com/r/IOENepal/comments/1dawule/license_exam/,http://www.wolframalpha.com/input/?i=2024-06-09%2007:46:53%20UTC%20To%20Local%20Time,other,
https://reddit.com/r/IOENepal/comments/1dawule/license_exam/l7nc6qn/,https://www.reddit.com/r/IOENepal/comments/1dawule/license_exam/,https://www.reddit.com/message/compose/?to=RemindMeBot&subject=List%20Of%20Reminders&message=MyReminders%21,reddit,
https://reddit.com/r/IOENepal/comments/1dawule/license_exam/l7nc6qn/,https://www.reddit.com/r/IOENepal/comments/1dawule/license_exam/,https://www.reddit.com/message/compose/?to=Watchful1&subject=RemindMeBot%20Feedback,reddit,
https://reddit.com/r/IOENepal/comments/1da8v5z/civil_4th_sem_ko_result_kina_naako_baki_sabko_ta/l7iwkxk/,https://www.reddit.com/r/IOENepal/comments/1da8v5z/civil_4th_sem_ko_result_kina_naako_baki_sabko_ta/,giphy|VbE1xtnPHx6D34GXhv|downsized,other,
https://reddit.com/r/IOENepal/comments/1d9822s/bel_5th_sem_materials/l7nvqb2/,https://www.reddit.com/r/IOENepal/comments/1d9822s/bel_5th_sem_materials/,https://drive.google.com/drive/folders/1Ruot2y65dzKW5vf7FYmlpXyK1w76Eqf8?usp=drive_link,google-drive,"[{'displayName': '074bel305.anup', 'emailAddress': '074bel305.anup@pcampus.edu.np'}]"
https://reddit.com/r/IOENepal/comments/1d8s17g/8th_sem_result/l78itp5/,https://www.reddit.com/r/IOENepal/comments/1d8s17g/8th_sem_result/,https://www.reddit.com/message/compose/?to=RemindMeBot&subject=Reminder&message=%5BLink%20or%20message%20inside%20square%20brackets%5D%0A%0ARemindMe%21%20Time%20period%20here,reddit,
https://reddit.com/r/IOENepal/comments/1d8s17g/8th_sem_result/l78itp5/,https://www.reddit.com/r/IOENepal/comments/1d8s17g/8th_sem_result/,https://www.reddit.com/r/IOENepal/comments/1d8s17g/8th_sem_result/l78ino0/?context=3,reddit,
https://reddit.com/r/IOENepal/comments/1d8s17g/8th_sem_result/l78itp5/,https://www.reddit.com/r/IOENepal/comments/1d8s17g/8th_sem_result/,https://www.reddit.com/r/RemindMeBot/comments/e1bko7/remindmebot_info_v21/,reddit,
https://reddit.com/r/IOENepal/comments/1d8s17g/8th_sem_result/l78itp5/,https://www.reddit.com/r/IOENepal/comments/1d8s17g/8th_sem_result/,http://www.wolframalpha.com/input/?i=2024-06-06%2016:08:14%20UTC%20To%20Local%20Time,other,
https://reddit.com/r/IOENepal/comments/1d8s17g/8th_sem_result/l78itp5/,https://www.reddit.com/r/IOENepal/comments/1d8s17g/8th_sem_result/,https://www.reddit.com/message/compose/?to=RemindMeBot&subject=Delete%20Comment&message=Delete%21%201d8s17g,reddit,
https://reddit.com/r/IOENepal/comments/1d8s17g/8th_sem_result/l78itp5/,https://www.reddit.com/r/IOENepal/comments/1d8s17g/8th_sem_result/,https://www.reddit.com/message/compose/?to=RemindMeBot&subject=List%20Of%20Reminders&message=MyReminders%21,reddit,
https://reddit.com/r/IOENepal/comments/1d8s17g/8th_sem_result/l78itp5/,https://www.reddit.com/r/IOENepal/comments/1d8s17g/8th_sem_result/,https://www.reddit.com/message/compose/?to=RemindMeBot&subject=Reminder&message=%5Bhttps%3A%2F%2Fwww.reddit.com%2Fr%2FIOENepal%2Fcomments%2F1d8s17g%2F8th_sem_result%2Fl78ino0%2F%5D%0A%0ARemindMe%21%202024-06-06%2016%3A08%3A14%20UTC,reddit,
https://reddit.com/r/IOENepal/comments/1d8s17g/8th_sem_result/l78itp5/,https://www.reddit.com/r/IOENepal/comments/1d8s17g/8th_sem_result/,https://www.reddit.com/message/compose/?to=Watchful1&subject=RemindMeBot%20Feedback,reddit,
https://reddit.com/r/IOENepal/comments/1d8s0ol/anyone_from_aerospace/l7bb9vu/,https://www.reddit.com/r/IOENepal/comments/1d8s0ol/anyone_from_aerospace/,https://mech.pcampus.edu.np/wp-content/uploads/2021/05/Aerospace-Course-Modified-2021.pdf,other,
https://reddit.com/r/IOENepal/comments/1d8rye7/ha_ha_guys_kati_frustrated_ho/l78gpf2/,https://www.reddit.com/r/IOENepal/comments/1d8rye7/ha_ha_guys_kati_frustrated_ho/,giphy|8JZxZgr39TLczSJQoS,other,
https://reddit.com/r/IOENepal/comments/1d5ibn0/need_help/l6m89gw/,https://www.reddit.com/r/IOENepal/comments/1d5ibn0/need_help/,https://www.reddit.com/message/compose/?to=RemindMeBot&subject=Reminder&message=%5BLink%20or%20message%20inside%20square%20brackets%5D%0A%0ARemindMe%21%20Time%20period%20here,reddit,
https://reddit.com/r/IOENepal/comments/1d5ibn0/need_help/l6m89gw/,https://www.reddit.com/r/IOENepal/comments/1d5ibn0/need_help/,https://www.reddit.com/r/RemindMeBot/comments/e1bko7/remindmebot_info_v21/,reddit,
https://reddit.com/r/IOENepal/comments/1d5ibn0/need_help/l6m89gw/,https://www.reddit.com/r/IOENepal/comments/1d5ibn0/need_help/,https://www.reddit.com/r/IOENepal/comments/1d5ibn0/need_help/l6m86wa/?context=3,reddit,
https://reddit.com/r/IOENepal/comments/1d5ibn0/need_help/l6m89gw/,https://www.reddit.com/r/IOENepal/comments/1d5ibn0/need_help/,https://www.reddit.com/message/compose/?to=Watchful1&subject=RemindMeBot%20Feedback,reddit,
https://reddit.com/r/IOENepal/comments/1d5ibn0/need_help/l6m89gw/,https://www.reddit.com/r/IOENepal/comments/1d5ibn0/need_help/,https://www.reddit.com/message/compose/?to=RemindMeBot&subject=List%20Of%20Reminders&message=MyReminders%21,reddit,
https://reddit.com/r/IOENepal/comments/1d5ibn0/need_help/l6m89gw/,https://www.reddit.com/r/IOENepal/comments/1d5ibn0/need_help/,https://www.reddit.com/message/compose/?to=RemindMeBot&subject=Reminder&message=%5Bhttps%3A%2F%2Fwww.reddit.com%2Fr%2FIOENepal%2Fcomments%2F1d5ibn0%2Fneed_help%2Fl6m86wa%2F%5D%0A%0ARemindMe%21%202024-06-03%2012%3A36%3A55%20UTC,reddit,
https://reddit.com/r/IOENepal/comments/1d5ibn0/need_help/l6m89gw/,https://www.reddit.com/r/IOENepal/comments/1d5ibn0/need_help/,http://www.wolframalpha.com/input/?i=2024-06-03%2012:36:55%20UTC%20To%20Local%20Time,other,
https://reddit.com/r/IOENepal/comments/1d5ibn0/need_help/l6m89gw/,https://www.reddit.com/r/IOENepal/comments/1d5ibn0/need_help/,https://www.reddit.com/message/compose/?to=RemindMeBot&subject=Delete%20Comment&message=Delete%21%201d5ibn0,reddit,
https://reddit.com/r/IOENepal/comments/1d4nuwm/nec_exam/l6hpupi/,https://www.reddit.com/r/IOENepal/comments/1d4nuwm/nec_exam/,https://youtu.be/3Pyf9keh89E?si=Hz3YH13miqTPPwqS,youtube,
https://reddit.com/r/IOENepal/comments/1d295o8/electronics_communication_and_information/l5zfmof/,https://www.reddit.com/r/IOENepal/comments/1d295o8/electronics_communication_and_information/,https://acem.edu.np/pages/downloads/syllabus/,other,
https://reddit.com/r/IOENepal/comments/1cxda9j/computer_architecture_and_organisation/l562dzy/,https://www.reddit.com/r/IOENepal/comments/1cxda9j/computer_architecture_and_organisation/,https://www.aakritsubedi9.com.np/notes/semester/fifth,other,
https://reddit.com/r/IOENepal/comments/1cwgg34/engineering_padhna_ke_padhne/l4vmf57/,https://www.reddit.com/r/IOENepal/comments/1cwgg34/engineering_padhna_ke_padhne/,https://www.reddit.com/message/compose/?to=RemindMeBot&subject=Reminder&message=%5BLink%20or%20message%20inside%20square%20brackets%5D%0A%0ARemindMe%21%20Time%20period%20here,reddit,
https://reddit.com/r/IOENepal/comments/1cwgg34/engineering_padhna_ke_padhne/l4vmf57/,https://www.reddit.com/r/IOENepal/comments/1cwgg34/engineering_padhna_ke_padhne/,https://www.reddit.com/message/compose/?to=RemindMeBot&subject=Delete%20Comment&message=Delete%21%201cwgg34,reddit,
https://reddit.com/r/IOENepal/comments/1cwgg34/engineering_padhna_ke_padhne/l4vmf57/,https://www.reddit.com/r/IOENepal/comments/1cwgg34/engineering_padhna_ke_padhne/,https://www.reddit.com/r/RemindMeBot/comments/e1bko7/remindmebot_info_v21/,reddit,
https://reddit.com/r/IOENepal/comments/1cwgg34/engineering_padhna_ke_padhne/l4vmf57/,https://www.reddit.com/r/IOENepal/comments/1cwgg34/engineering_padhna_ke_padhne/,https://www.reddit.com/r/IOENepal/comments/1cwgg34/engineering_padhna_ke_padhne/l4vmajf/?context=3,reddit,
https://reddit.com/r/IOENepal/comments/1cwgg34/engineering_padhna_ke_padhne/l4vmf57/,https://www.reddit.com/r/IOENepal/comments/1cwgg34/engineering_padhna_ke_padhne/,https://www.reddit.com/message/compose/?to=RemindMeBot&subject=List%20Of%20Reminders&message=MyReminders%21,reddit,
https://reddit.com/r/IOENepal/comments/1cwgg34/engineering_padhna_ke_padhne/l4vmf57/,https://www.reddit.com/r/IOENepal/comments/1cwgg34/engineering_padhna_ke_padhne/,http://www.wolframalpha.com/input/?i=2024-05-21%2002:18:24%20UTC%20To%20Local%20Time,other,
https://reddit.com/r/IOENepal/comments/1cwgg34/engineering_padhna_ke_padhne/l4vmf57/,https://www.reddit.com/r/IOENepal/comments/1cwgg34/engineering_padhna_ke_padhne/,https://www.reddit.com/message/compose/?to=RemindMeBot&subject=Reminder&message=%5Bhttps%3A%2F%2Fwww.reddit.com%2Fr%2FIOENepal%2Fcomments%2F1cwgg34%2Fengineering_padhna_ke_padhne%2Fl4vmajf%2F%5D%0A%0ARemindMe%21%202024-05-21%2002%3A18%3A24%20UTC,reddit,
https://reddit.com/r/IOENepal/comments/1cwgg34/engineering_padhna_ke_padhne/l4vmf57/,https://www.reddit.com/r/IOENepal/comments/1cwgg34/engineering_padhna_ke_padhne/,https://www.reddit.com/message/compose/?to=Watchful1&subject=RemindMeBot%20Feedback,reddit,
https://reddit.com/r/IOENepal/comments/1cuounx/video_recommendation_for_github_beginner/l4kyl3w/,https://www.reddit.com/r/IOENepal/comments/1cuounx/video_recommendation_for_github_beginner/,https://learngitbranching.js.org/,other,
https://reddit.com/r/IOENepal/comments/1cuorgz/matlab_simulink_and_optimization/l4kddpn/,https://www.reddit.com/r/IOENepal/comments/1cuorgz/matlab_simulink_and_optimization/,https://www.udemy.com/courses/search/?lang=en&lang=hi&price=price-free&q=matlab+optimization&sort=relevance,other,
https://reddit.com/r/IOENepal/comments/1cuorgz/matlab_simulink_and_optimization/l4kddpn/,https://www.reddit.com/r/IOENepal/comments/1cuorgz/matlab_simulink_and_optimization/,https://downloadlynet.ir/?s=matlab+optimization,other,
https://reddit.com/r/IOENepal/comments/1cu9huq/drawing_techniques/l4pscqq/,https://www.reddit.com/r/IOENepal/comments/1cu9huq/drawing_techniques/,https://www.youtube.com/@GeniusNepalTV/videos,youtube,
https://reddit.com/r/IOENepal/comments/1cu2z3r/resources_for_csit/l4fy1qd/,https://www.reddit.com/r/IOENepal/comments/1cu2z3r/resources_for_csit/,https://hamrocsit.com/,other,
https://reddit.com/r/IOENepal/comments/1ct1cpz/ioe_percentage_to_gpa/l49d32d/,https://www.reddit.com/r/IOENepal/comments/1ct1cpz/ioe_percentage_to_gpa/,https://gpa.eng.uci.edu/node/409,other,
https://reddit.com/r/IOENepal/comments/1csjdjh/clear_info_on_the_back_papers_for_old_students/l48m0eh/,https://www.reddit.com/r/IOENepal/comments/1csjdjh/clear_info_on_the_back_papers_for_old_students/,https://www.reddit.com/r/IOENepal/comments/1944z8c/finally_passed_be_after_13_years_joined_in_2011/?utm_source=share&utm_medium=web3x&utm_name=web3xcss&utm_term=1&utm_content=share_button,reddit,
https://reddit.com/r/IOENepal/comments/1crh2wl/how_to_prep_to_go_abroad/l3y5o76/,https://www.reddit.com/r/IOENepal/comments/1crh2wl/how_to_prep_to_go_abroad/,https://www.reddit.com/message/compose/?to=RemindMeBot&subject=Reminder&message=%5BLink%20or%20message%20inside%20square%20brackets%5D%0A%0ARemindMe%21%20Time%20period%20here,reddit,
https://reddit.com/r/IOENepal/comments/1crh2wl/how_to_prep_to_go_abroad/l3y5o76/,https://www.reddit.com/r/IOENepal/comments/1crh2wl/how_to_prep_to_go_abroad/,http://www.wolframalpha.com/input/?i=2024-05-21%2002:47:26%20UTC%20To%20Local%20Time,other,
https://reddit.com/r/IOENepal/comments/1crh2wl/how_to_prep_to_go_abroad/l3y5o76/,https://www.reddit.com/r/IOENepal/comments/1crh2wl/how_to_prep_to_go_abroad/,https://www.reddit.com/r/RemindMeBot/comments/e1bko7/remindmebot_info_v21/,reddit,
https://reddit.com/r/IOENepal/comments/1crh2wl/how_to_prep_to_go_abroad/l3y5o76/,https://www.reddit.com/r/IOENepal/comments/1crh2wl/how_to_prep_to_go_abroad/,https://www.reddit.com/message/compose/?to=RemindMeBot&subject=Reminder&message=%5Bhttps%3A%2F%2Fwww.reddit.com%2Fr%2FIOENepal%2Fcomments%2F1crh2wl%2Fhow_to_prep_to_go_abroad%2Fl3y5jps%2F%5D%0A%0ARemindMe%21%202024-05-21%2002%3A47%3A26%20UTC,reddit,
https://reddit.com/r/IOENepal/comments/1crh2wl/how_to_prep_to_go_abroad/l3y5o76/,https://www.reddit.com/r/IOENepal/comments/1crh2wl/how_to_prep_to_go_abroad/,https://www.reddit.com/message/compose/?to=RemindMeBot&subject=Delete%20Comment&message=Delete%21%201crh2wl,reddit,
https://reddit.com/r/IOENepal/comments/1crh2wl/how_to_prep_to_go_abroad/l3y5o76/,https://www.reddit.com/r/IOENepal/comments/1crh2wl/how_to_prep_to_go_abroad/,https://www.reddit.com/message/compose/?to=RemindMeBot&subject=List%20Of%20Reminders&message=MyReminders%21,reddit,
https://reddit.com/r/IOENepal/comments/1crh2wl/how_to_prep_to_go_abroad/l3y5o76/,https://www.reddit.com/r/IOENepal/comments/1crh2wl/how_to_prep_to_go_abroad/,https://www.reddit.com/message/compose/?to=Watchful1&subject=RemindMeBot%20Feedback,reddit,
https://reddit.com/r/IOENepal/comments/1crh2wl/how_to_prep_to_go_abroad/l3y5o76/,https://www.reddit.com/r/IOENepal/comments/1crh2wl/how_to_prep_to_go_abroad/,https://www.reddit.com/r/IOENepal/comments/1crh2wl/how_to_prep_to_go_abroad/l3y5jps/?context=3,reddit,
https://reddit.com/r/IOENepal/comments/1cq3d9d/guys_anybody_have_this_booksoft_copy/l3ot5zw/,https://i.redd.it/wzjohr1dkyzc1.jpeg,https://library.lol/main/D6756726683D9AACB09B8B71A2E76319,other,
https://reddit.com/r/IOENepal/comments/1cq3d9d/guys_anybody_have_this_booksoft_copy/l3owrut/,https://i.redd.it/wzjohr1dkyzc1.jpeg,https://www.clc.hcmus.edu.vn/wp-content/uploads/2017/11/Hands_On_Machine_Learning_with_Scikit_Learn_and_TensorFlow.pdf,other,
https://reddit.com/r/IOENepal/comments/1cq3d9d/guys_anybody_have_this_booksoft_copy/l3yc3ik/,https://i.redd.it/wzjohr1dkyzc1.jpeg,https://github.com/ageron/handson-ml2,other,
https://reddit.com/r/IOENepal/comments/1cpj5u0/dp_sangraoula_fluid/l3kxvn4/,https://www.reddit.com/r/IOENepal/comments/1cpj5u0/dp_sangraoula_fluid/,https://drive.google.com/drive/mobile/folders/10m6tQHxX2_7QMxxfTkjeYSHJUZ6C_0az/1Lzds_gOj4UKKCsKVnJkePrtRYpaZJtJ4/1nkYHPVtTbA0zpQMM6kBGtqRtlvhYPzJ6?fbclid=IwAR3Bt_QvkhPY-YidIgovPcLojYYeCQSNEd6Gi4sNB3ifZckSvXx_05Ih&sort=13&direction=a,google-drive,"[{'displayName': '077bce064', 'emailAddress': '077bce064@ioepc.edu.np'}]"
https://reddit.com/r/IOENepal/comments/1cojtq0/sem_1_electrical_mero_school_videos/l3esp3j/,https://www.reddit.com/r/IOENepal/comments/1cojtq0/sem_1_electrical_mero_school_videos/,https://youtube.com/playlist?list=PLzuZCCjdEqZuBt3Ln-ajN1xkUMmHTUDzO&si=AVGJVGYF9Z_o43SH,other,
https://reddit.com/r/IOENepal/comments/1co19wq/drive_gone_private/l3dkxyk/,https://www.reddit.com/r/IOENepal/comments/1co19wq/drive_gone_private/,https://drive.google.com/file/d/1s2L1zepEFjkhtcWhV6yi0dyd5mgwi-Ea/view,google-drive,"[{'displayName': 'ataldesai101', 'emailAddress': 'ataldesai101@gmail.com'}]"
https://reddit.com/r/IOENepal/comments/1cnyyvn/control_system_resources/l3djp0y/,https://www.reddit.com/r/IOENepal/comments/1cnyyvn/control_system_resources/,https://youtube.com/playlist?list=PLczQpt-bcYxIKG_ldKXzQw3RNPjrv_2q3&si=SGQ3K8bVy0uqyasu,other,
https://reddit.com/r/IOENepal/comments/1cnyyvn/control_system_resources/l3dhh33/,https://www.reddit.com/r/IOENepal/comments/1cnyyvn/control_system_resources/,https://www.youtube.com/watch?v=O-OqgFE9SD4&list=PLUMWjy5jgHK3j74Z5Tq6Tso1fSfVWZC8L,youtube,
https://reddit.com/r/IOENepal/comments/1cny8yi/data_communications/l3dpk1m/,https://www.reddit.com/r/IOENepal/comments/1cny8yi/data_communications/,https://youtu.be/iSQeHdiKj7Q?si=rgH7u3I7AYkuFnlv,youtube,
https://reddit.com/r/IOENepal/comments/1cny8yi/data_communications/l3dpk1m/,https://www.reddit.com/r/IOENepal/comments/1cny8yi/data_communications/,https://youtu.be/SVF7klGWES0?si=t8cjhEmgviXH8u38,youtube,
https://reddit.com/r/IOENepal/comments/1cmy2ue/manish_manisha_basic_electrical_pdf/l34kz2r/,https://www.reddit.com/r/IOENepal/comments/1cmy2ue/manish_manisha_basic_electrical_pdf/,https://drive.google.com/file/d/1JIXKSfRuo73tbzvVvTF1Rxl4eNTIFqQo/view?usp=drivesdk,google-drive,"[{'displayName': 'dinojpaudel', 'emailAddress': 'dinojpaudel@gmail.com'}]"
https://reddit.com/r/IOENepal/comments/1clj6gp/i_am_civil_5th_sem_student_currently_studying_in/l2txmbx/,https://www.reddit.com/r/IOENepal/comments/1clj6gp/i_am_civil_5th_sem_student_currently_studying_in/,https://lds.com.np/,other,
https://reddit.com/r/IOENepal/comments/1ckj2d5/can_anyone_share_me_data_science_roadmap_job/l2o5cyg/,https://www.reddit.com/r/IOENepal/comments/1ckj2d5/can_anyone_share_me_data_science_roadmap_job/,http://roadmap.sh,other,
https://reddit.com/r/IOENepal/comments/1ckj2d5/can_anyone_share_me_data_science_roadmap_job/l2ow9ar/,https://www.reddit.com/r/IOENepal/comments/1ckj2d5/can_anyone_share_me_data_science_roadmap_job/,https://www.statlearning.com/,other,
https://reddit.com/r/IOENepal/comments/1cj9wd1/loksewa/l2eqmor/,https://www.reddit.com/r/IOENepal/comments/1cj9wd1/loksewa/,https://www.reddit.com/message/compose/?to=RemindMeBot&subject=Reminder&message=%5BLink%20or%20message%20inside%20square%20brackets%5D%0A%0ARemindMe%21%20Time%20period%20here,reddit,
https://reddit.com/r/IOENepal/comments/1cj9wd1/loksewa/l2eqmor/,https://www.reddit.com/r/IOENepal/comments/1cj9wd1/loksewa/,https://www.reddit.com/message/compose/?to=RemindMeBot&subject=Reminder&message=%5Bhttps%3A%2F%2Fwww.reddit.com%2Fr%2FIOENepal%2Fcomments%2F1cj9wd1%2Floksewa%2Fl2eqh6w%2F%5D%0A%0ARemindMe%21%202024-05-05%2015%3A18%3A14%20UTC,reddit,
https://reddit.com/r/IOENepal/comments/1cj9wd1/loksewa/l2eqmor/,https://www.reddit.com/r/IOENepal/comments/1cj9wd1/loksewa/,https://www.reddit.com/r/IOENepal/comments/1cj9wd1/loksewa/l2eqh6w/?context=3,reddit,
https://reddit.com/r/IOENepal/comments/1cj9wd1/loksewa/l2eqmor/,https://www.reddit.com/r/IOENepal/comments/1cj9wd1/loksewa/,https://www.reddit.com/r/RemindMeBot/comments/e1bko7/remindmebot_info_v21/,reddit,
https://reddit.com/r/IOENepal/comments/1cj9wd1/loksewa/l2eqmor/,https://www.reddit.com/r/IOENepal/comments/1cj9wd1/loksewa/,https://www.reddit.com/message/compose/?to=RemindMeBot&subject=Delete%20Comment&message=Delete%21%201cj9wd1,reddit,
https://reddit.com/r/IOENepal/comments/1cj9wd1/loksewa/l2eqmor/,https://www.reddit.com/r/IOENepal/comments/1cj9wd1/loksewa/,https://www.reddit.com/message/compose/?to=RemindMeBot&subject=List%20Of%20Reminders&message=MyReminders%21,reddit,
https://reddit.com/r/IOENepal/comments/1cj9wd1/loksewa/l2eqmor/,https://www.reddit.com/r/IOENepal/comments/1cj9wd1/loksewa/,http://www.wolframalpha.com/input/?i=2024-05-05%2015:18:14%20UTC%20To%20Local%20Time,other,
https://reddit.com/r/IOENepal/comments/1cj9wd1/loksewa/l2eqmor/,https://www.reddit.com/r/IOENepal/comments/1cj9wd1/loksewa/,https://www.reddit.com/message/compose/?to=Watchful1&subject=RemindMeBot%20Feedback,reddit,
https://reddit.com/r/IOENepal/comments/1cj9wd1/loksewa/l34idpi/,https://www.reddit.com/r/IOENepal/comments/1cj9wd1/loksewa/,https://www.reddit.com/message/compose/?to=RemindMeBot&subject=Reminder&message=%5BLink%20or%20message%20inside%20square%20brackets%5D%0A%0ARemindMe%21%20Time%20period%20here,reddit,
https://reddit.com/r/IOENepal/comments/1cj9wd1/loksewa/l34idpi/,https://www.reddit.com/r/IOENepal/comments/1cj9wd1/loksewa/,https://www.reddit.com/r/RemindMeBot/comments/e1bko7/remindmebot_info_v21/,reddit,
https://reddit.com/r/IOENepal/comments/1cj9wd1/loksewa/l34idpi/,https://www.reddit.com/r/IOENepal/comments/1cj9wd1/loksewa/,https://www.reddit.com/message/compose/?to=RemindMeBot&subject=Delete%20Comment&message=Delete%21%201cj9wd1,reddit,
https://reddit.com/r/IOENepal/comments/1cj9wd1/loksewa/l34idpi/,https://www.reddit.com/r/IOENepal/comments/1cj9wd1/loksewa/,http://www.wolframalpha.com/input/?i=2024-05-10%2013:04:04%20UTC%20To%20Local%20Time,other,
https://reddit.com/r/IOENepal/comments/1cj9wd1/loksewa/l34idpi/,https://www.reddit.com/r/IOENepal/comments/1cj9wd1/loksewa/,https://www.reddit.com/message/compose/?to=RemindMeBot&subject=List%20Of%20Reminders&message=MyReminders%21,reddit,
https://reddit.com/r/IOENepal/comments/1cj9wd1/loksewa/l34idpi/,https://www.reddit.com/r/IOENepal/comments/1cj9wd1/loksewa/,https://www.reddit.com/message/compose/?to=RemindMeBot&subject=Reminder&message=%5Bhttps%3A%2F%2Fwww.reddit.com%2Fr%2FIOENepal%2Fcomments%2F1cj9wd1%2Floksewa%2Fl34i8nq%2F%5D%0A%0ARemindMe%21%202024-05-10%2013%3A04%3A04%20UTC,reddit,
https://reddit.com/r/IOENepal/comments/1cj9wd1/loksewa/l34idpi/,https://www.reddit.com/r/IOENepal/comments/1cj9wd1/loksewa/,https://www.reddit.com/r/IOENepal/comments/1cj9wd1/loksewa/l34i8nq/?context=3,reddit,
https://reddit.com/r/IOENepal/comments/1cj9wd1/loksewa/l34idpi/,https://www.reddit.com/r/IOENepal/comments/1cj9wd1/loksewa/,https://www.reddit.com/message/compose/?to=Watchful1&subject=RemindMeBot%20Feedback,reddit,
https://reddit.com/r/IOENepal/comments/1cizbg3/mero_school_ko_videos_haru_bhako_jati_share_garum/l2t0d4j/,https://www.reddit.com/r/IOENepal/comments/1cizbg3/mero_school_ko_videos_haru_bhako_jati_share_garum/,https://m1e1ga.nz/file/NPdWGaab#m7qoaKiSi-SdB3Ixhsf6geT46zVwYn7utAXhlPlXB5w,other,
https://reddit.com/r/IOENepal/comments/1cizbg3/mero_school_ko_videos_haru_bhako_jati_share_garum/l2t0d4j/,https://www.reddit.com/r/IOENepal/comments/1cizbg3/mero_school_ko_videos_haru_bhako_jati_share_garum/,https://m1ega.nz/file/1LUwxJwb#skO6NDzvAwOT5e4YMt7Pj7HVd4D2SSqk4YliuA5SPSo,other,
https://reddit.com/r/IOENepal/comments/1cino3h/poverty_fked_my_academic_performance_and/l2zt9ud/,https://www.reddit.com/r/IOENepal/comments/1cino3h/poverty_fked_my_academic_performance_and/,https://www.reddit.com/r/IOENepal/comments/1cino3h/comment/l2izong/?utm_source=share&utm_medium=web3x&utm_name=web3xcss&utm_term=1&utm_content=share_button,reddit,
https://reddit.com/r/IOENepal/comments/1cgm9qc/best_institution_to_study_for_clearing_backs/l1z2y7y/,https://www.reddit.com/r/IOENepal/comments/1cgm9qc/best_institution_to_study_for_clearing_backs/,http://www.mero.school,other,
https://reddit.com/r/IOENepal/comments/1cfu82t/entrance_preparation_tips/l225swh/,https://www.reddit.com/r/IOENepal/comments/1cfu82t/entrance_preparation_tips/,https://drive.google.com/file/d/1DOtbrj4wiUOKiR3g4Tz8DOfreCn2I6Wt/view?usp=sharing,google-drive-private,
https://reddit.com/r/IOENepal/comments/1cf8so8/electromagnetics/l1qv2p9/,https://v.redd.it/92gpi69yl8xc1,https://www.reddit.com/r/IOENepal/comments/1ceba4x/todays_em_ko_paper/#lightbox,reddit,
https://reddit.com/r/IOENepal/comments/1cewrxc/what_will_be_my_german_gpa/l1lkf6o/,https://www.reddit.com/r/IOENepal/comments/1cewrxc/what_will_be_my_german_gpa/,https://www.daad.de/en/,other,
https://reddit.com/r/IOENepal/comments/1cdn692/applied_dynamics_kasari_pass_garne/l1dzyyf/,https://www.reddit.com/r/IOENepal/comments/1cdn692/applied_dynamics_kasari_pass_garne/,https://youtu.be/QYEM9DQ_On0?si=AFsb97FSFPm2xw_J,youtube,
https://reddit.com/r/IOENepal/comments/1cdkp33/help_basic_electrical_mero_school/l1db259/,https://www.reddit.com/r/IOENepal/comments/1cdkp33/help_basic_electrical_mero_school/,https://www.reddit.com/r/IOENepal/comments/1bviceq/comment/kxzonmv/?utm_source=share&utm_medium=web3x&utm_name=web3xcss&utm_term=1&utm_content=share_button,reddit,
https://reddit.com/r/IOENepal/comments/1cct45m/civil/l17ecg2/,https://www.reddit.com/r/IOENepal/comments/1cct45m/civil/,https://www.reddit.com/message/compose/?to=RemindMeBot&subject=Reminder&message=%5BLink%20or%20message%20inside%20square%20brackets%5D%0A%0ARemindMe%21%20Time%20period%20here,reddit,
https://reddit.com/r/IOENepal/comments/1cct45m/civil/l17ecg2/,https://www.reddit.com/r/IOENepal/comments/1cct45m/civil/,https://www.reddit.com/r/RemindMeBot/comments/e1bko7/remindmebot_info_v21/,reddit,
https://reddit.com/r/IOENepal/comments/1cct45m/civil/l17ecg2/,https://www.reddit.com/r/IOENepal/comments/1cct45m/civil/,http://www.wolframalpha.com/input/?i=2024-05-02%2014:26:50%20UTC%20To%20Local%20Time,other,
https://reddit.com/r/IOENepal/comments/1cct45m/civil/l17ecg2/,https://www.reddit.com/r/IOENepal/comments/1cct45m/civil/,https://www.reddit.com/message/compose/?to=RemindMeBot&subject=Delete%20Comment&message=Delete%21%201cct45m,reddit,
https://reddit.com/r/IOENepal/comments/1cct45m/civil/l17ecg2/,https://www.reddit.com/r/IOENepal/comments/1cct45m/civil/,https://www.reddit.com/r/IOENepal/comments/1cct45m/civil/l17e8mg/?context=3,reddit,
https://reddit.com/r/IOENepal/comments/1cct45m/civil/l17ecg2/,https://www.reddit.com/r/IOENepal/comments/1cct45m/civil/,https://www.reddit.com/message/compose/?to=RemindMeBot&subject=List%20Of%20Reminders&message=MyReminders%21,reddit,
https://reddit.com/r/IOENepal/comments/1cct45m/civil/l17ecg2/,https://www.reddit.com/r/IOENepal/comments/1cct45m/civil/,https://www.reddit.com/message/compose/?to=RemindMeBot&subject=Reminder&message=%5Bhttps%3A%2F%2Fwww.reddit.com%2Fr%2FIOENepal%2Fcomments%2F1cct45m%2Fcivil%2Fl17e8mg%2F%5D%0A%0ARemindMe%21%202024-05-02%2014%3A26%3A50%20UTC,reddit,
https://reddit.com/r/IOENepal/comments/1cct45m/civil/l17ecg2/,https://www.reddit.com/r/IOENepal/comments/1cct45m/civil/,https://www.reddit.com/message/compose/?to=Watchful1&subject=RemindMeBot%20Feedback,reddit,
https://reddit.com/r/IOENepal/comments/1cbxbfo/drawing_1st_sem_updated_course/l12fh1z/,https://www.reddit.com/r/IOENepal/comments/1cbxbfo/drawing_1st_sem_updated_course/,https://www.youtube.com/channel/UCxNDTxETTRv__J8iZJSS1mQ,youtube,
https://reddit.com/r/IOENepal/comments/1ca1ioi/looking_for_a_semilog_graph/l0p3qy3/,https://www.reddit.com/r/IOENepal/comments/1ca1ioi/looking_for_a_semilog_graph/,https://web.physics.utah.edu/~gernot/elem_labs/SL5.pdf,other,
https://reddit.com/r/IOENepal/comments/1c8t8mk/what_are_the_steps_after_nec_license_exam_pass/l0gu0f4/,https://www.reddit.com/r/IOENepal/comments/1c8t8mk/what_are_the_steps_after_nec_license_exam_pass/,https://www.reddit.com/message/compose/?to=RemindMeBot&subject=Reminder&message=%5BLink%20or%20message%20inside%20square%20brackets%5D%0A%0ARemindMe%21%20Time%20period%20here,reddit,
https://reddit.com/r/IOENepal/comments/1c8t8mk/what_are_the_steps_after_nec_license_exam_pass/l0gu0f4/,https://www.reddit.com/r/IOENepal/comments/1c8t8mk/what_are_the_steps_after_nec_license_exam_pass/,http://www.wolframalpha.com/input/?i=2024-04-22%2016:10:57%20UTC%20To%20Local%20Time,other,
https://reddit.com/r/IOENepal/comments/1c8t8mk/what_are_the_steps_after_nec_license_exam_pass/l0gu0f4/,https://www.reddit.com/r/IOENepal/comments/1c8t8mk/what_are_the_steps_after_nec_license_exam_pass/,https://www.reddit.com/r/RemindMeBot/comments/e1bko7/remindmebot_info_v21/,reddit,
https://reddit.com/r/IOENepal/comments/1c8t8mk/what_are_the_steps_after_nec_license_exam_pass/l0gu0f4/,https://www.reddit.com/r/IOENepal/comments/1c8t8mk/what_are_the_steps_after_nec_license_exam_pass/,https://www.reddit.com/message/compose/?to=Watchful1&subject=RemindMeBot%20Feedback,reddit,
https://reddit.com/r/IOENepal/comments/1c8t8mk/what_are_the_steps_after_nec_license_exam_pass/l0gu0f4/,https://www.reddit.com/r/IOENepal/comments/1c8t8mk/what_are_the_steps_after_nec_license_exam_pass/,https://www.reddit.com/r/IOENepal/comments/1c8t8mk/what_are_the_steps_after_nec_license_exam_pass/l0gtuhl/?context=3,reddit,
https://reddit.com/r/IOENepal/comments/1c8t8mk/what_are_the_steps_after_nec_license_exam_pass/l0gu0f4/,https://www.reddit.com/r/IOENepal/comments/1c8t8mk/what_are_the_steps_after_nec_license_exam_pass/,https://www.reddit.com/message/compose/?to=RemindMeBot&subject=List%20Of%20Reminders&message=MyReminders%21,reddit,
https://reddit.com/r/IOENepal/comments/1c8t8mk/what_are_the_steps_after_nec_license_exam_pass/l0gu0f4/,https://www.reddit.com/r/IOENepal/comments/1c8t8mk/what_are_the_steps_after_nec_license_exam_pass/,https://www.reddit.com/message/compose/?to=RemindMeBot&subject=Delete%20Comment&message=Delete%21%201c8t8mk,reddit,
https://reddit.com/r/IOENepal/comments/1c8t8mk/what_are_the_steps_after_nec_license_exam_pass/l0gu0f4/,https://www.reddit.com/r/IOENepal/comments/1c8t8mk/what_are_the_steps_after_nec_license_exam_pass/,https://www.reddit.com/message/compose/?to=RemindMeBot&subject=Reminder&message=%5Bhttps%3A%2F%2Fwww.reddit.com%2Fr%2FIOENepal%2Fcomments%2F1c8t8mk%2Fwhat_are_the_steps_after_nec_license_exam_pass%2Fl0gtuhl%2F%5D%0A%0ARemindMe%21%202024-04-22%2016%3A10%3A57%20UTC,reddit,
https://reddit.com/r/IOENepal/comments/1c83pmd/instrumentation_ii_bct_chap_10_case_study/l0cb484/,https://www.reddit.com/r/IOENepal/comments/1c83pmd/instrumentation_ii_bct_chap_10_case_study/,https://www.reddit.com/message/compose/?to=RemindMeBot&subject=Reminder&message=%5BLink%20or%20message%20inside%20square%20brackets%5D%0A%0ARemindMe%21%20Time%20period%20here,reddit,
https://reddit.com/r/IOENepal/comments/1c83pmd/instrumentation_ii_bct_chap_10_case_study/l0cb484/,https://www.reddit.com/r/IOENepal/comments/1c83pmd/instrumentation_ii_bct_chap_10_case_study/,https://www.reddit.com/message/compose/?to=RemindMeBot&subject=Reminder&message=%5Bhttps%3A%2F%2Fwww.reddit.com%2Fr%2FIOENepal%2Fcomments%2F1c83pmd%2Finstrumentation_ii_bct_chap_10_case_study%2Fl0cazr6%2F%5D%0A%0ARemindMe%21%202024-04-20%2019%3A15%3A46%20UTC,reddit,
https://reddit.com/r/IOENepal/comments/1c83pmd/instrumentation_ii_bct_chap_10_case_study/l0cb484/,https://www.reddit.com/r/IOENepal/comments/1c83pmd/instrumentation_ii_bct_chap_10_case_study/,https://www.reddit.com/r/RemindMeBot/comments/e1bko7/remindmebot_info_v21/,reddit,
https://reddit.com/r/IOENepal/comments/1c83pmd/instrumentation_ii_bct_chap_10_case_study/l0cb484/,https://www.reddit.com/r/IOENepal/comments/1c83pmd/instrumentation_ii_bct_chap_10_case_study/,https://www.reddit.com/message/compose/?to=RemindMeBot&subject=Delete%20Comment&message=Delete%21%201c83pmd,reddit,
https://reddit.com/r/IOENepal/comments/1c83pmd/instrumentation_ii_bct_chap_10_case_study/l0cb484/,https://www.reddit.com/r/IOENepal/comments/1c83pmd/instrumentation_ii_bct_chap_10_case_study/,http://www.wolframalpha.com/input/?i=2024-04-20%2019:15:46%20UTC%20To%20Local%20Time,other,
https://reddit.com/r/IOENepal/comments/1c83pmd/instrumentation_ii_bct_chap_10_case_study/l0cb484/,https://www.reddit.com/r/IOENepal/comments/1c83pmd/instrumentation_ii_bct_chap_10_case_study/,https://www.reddit.com/r/IOENepal/comments/1c83pmd/instrumentation_ii_bct_chap_10_case_study/l0cazr6/?context=3,reddit,
https://reddit.com/r/IOENepal/comments/1c83pmd/instrumentation_ii_bct_chap_10_case_study/l0cb484/,https://www.reddit.com/r/IOENepal/comments/1c83pmd/instrumentation_ii_bct_chap_10_case_study/,https://www.reddit.com/message/compose/?to=RemindMeBot&subject=List%20Of%20Reminders&message=MyReminders%21,reddit,
https://reddit.com/r/IOENepal/comments/1c83pmd/instrumentation_ii_bct_chap_10_case_study/l0cb484/,https://www.reddit.com/r/IOENepal/comments/1c83pmd/instrumentation_ii_bct_chap_10_case_study/,https://www.reddit.com/message/compose/?to=Watchful1&subject=RemindMeBot%20Feedback,reddit,
https://reddit.com/r/IOENepal/comments/1c7yrqs/electromagnetics_ma_kasari_32_lyaune/l0b5ryy/,https://www.reddit.com/r/IOENepal/comments/1c7yrqs/electromagnetics_ma_kasari_32_lyaune/,https://www.reddit.com/message/compose/?to=RemindMeBot&subject=Reminder&message=%5BLink%20or%20message%20inside%20square%20brackets%5D%0A%0ARemindMe%21%20Time%20period%20here,reddit,
https://reddit.com/r/IOENepal/comments/1c7yrqs/electromagnetics_ma_kasari_32_lyaune/l0b5ryy/,https://www.reddit.com/r/IOENepal/comments/1c7yrqs/electromagnetics_ma_kasari_32_lyaune/,https://www.reddit.com/message/compose/?to=RemindMeBot&subject=Reminder&message=%5Bhttps%3A%2F%2Fwww.reddit.com%2Fr%2FIOENepal%2Fcomments%2F1c7yrqs%2Felectromagnetics_ma_kasari_32_lyaune%2Fl0b5okc%2F%5D%0A%0ARemindMe%21%202024-05-19%2015%3A19%3A26%20UTC,reddit,
https://reddit.com/r/IOENepal/comments/1c7yrqs/electromagnetics_ma_kasari_32_lyaune/l0b5ryy/,https://www.reddit.com/r/IOENepal/comments/1c7yrqs/electromagnetics_ma_kasari_32_lyaune/,https://www.reddit.com/r/RemindMeBot/comments/e1bko7/remindmebot_info_v21/,reddit,
https://reddit.com/r/IOENepal/comments/1c7yrqs/electromagnetics_ma_kasari_32_lyaune/l0b5ryy/,https://www.reddit.com/r/IOENepal/comments/1c7yrqs/electromagnetics_ma_kasari_32_lyaune/,http://www.wolframalpha.com/input/?i=2024-05-19%2015:19:26%20UTC%20To%20Local%20Time,other,
https://reddit.com/r/IOENepal/comments/1c7yrqs/electromagnetics_ma_kasari_32_lyaune/l0b5ryy/,https://www.reddit.com/r/IOENepal/comments/1c7yrqs/electromagnetics_ma_kasari_32_lyaune/,https://www.reddit.com/message/compose/?to=RemindMeBot&subject=List%20Of%20Reminders&message=MyReminders%21,reddit,
https://reddit.com/r/IOENepal/comments/1c7yrqs/electromagnetics_ma_kasari_32_lyaune/l0b5ryy/,https://www.reddit.com/r/IOENepal/comments/1c7yrqs/electromagnetics_ma_kasari_32_lyaune/,https://www.reddit.com/r/IOENepal/comments/1c7yrqs/electromagnetics_ma_kasari_32_lyaune/l0b5okc/?context=3,reddit,
https://reddit.com/r/IOENepal/comments/1c7yrqs/electromagnetics_ma_kasari_32_lyaune/l0b5ryy/,https://www.reddit.com/r/IOENepal/comments/1c7yrqs/electromagnetics_ma_kasari_32_lyaune/,https://www.reddit.com/message/compose/?to=Watchful1&subject=RemindMeBot%20Feedback,reddit,
https://reddit.com/r/IOENepal/comments/1c7yrqs/electromagnetics_ma_kasari_32_lyaune/l0b5ryy/,https://www.reddit.com/r/IOENepal/comments/1c7yrqs/electromagnetics_ma_kasari_32_lyaune/,https://www.reddit.com/message/compose/?to=RemindMeBot&subject=Delete%20Comment&message=Delete%21%201c7yrqs,reddit,
https://reddit.com/r/IOENepal/comments/1c7v71d/help/l0ahhfp/,https://www.reddit.com/r/IOENepal/comments/1c7v71d/help/,https://www.reddit.com/message/compose/?to=RemindMeBot&subject=Reminder&message=%5BLink%20or%20message%20inside%20square%20brackets%5D%0A%0ARemindMe%21%20Time%20period%20here,reddit,
https://reddit.com/r/IOENepal/comments/1c7v71d/help/l0ahhfp/,https://www.reddit.com/r/IOENepal/comments/1c7v71d/help/,https://www.reddit.com/r/RemindMeBot/comments/e1bko7/remindmebot_info_v21/,reddit,
https://reddit.com/r/IOENepal/comments/1c7v71d/help/l0ahhfp/,https://www.reddit.com/r/IOENepal/comments/1c7v71d/help/,http://www.wolframalpha.com/input/?i=2024-04-21%2012:48:08%20UTC%20To%20Local%20Time,other,
https://reddit.com/r/IOENepal/comments/1c7v71d/help/l0ahhfp/,https://www.reddit.com/r/IOENepal/comments/1c7v71d/help/,https://www.reddit.com/message/compose/?to=RemindMeBot&subject=Reminder&message=%5Bhttps%3A%2F%2Fwww.reddit.com%2Fr%2FIOENepal%2Fcomments%2F1c7v71d%2Fhelp%2Fl0ahcpm%2F%5D%0A%0ARemindMe%21%202024-04-21%2012%3A48%3A08%20UTC,reddit,
https://reddit.com/r/IOENepal/comments/1c7v71d/help/l0ahhfp/,https://www.reddit.com/r/IOENepal/comments/1c7v71d/help/,https://www.reddit.com/message/compose/?to=RemindMeBot&subject=List%20Of%20Reminders&message=MyReminders%21,reddit,
https://reddit.com/r/IOENepal/comments/1c7v71d/help/l0ahhfp/,https://www.reddit.com/r/IOENepal/comments/1c7v71d/help/,https://www.reddit.com/message/compose/?to=RemindMeBot&subject=Delete%20Comment&message=Delete%21%201c7v71d,reddit,
https://reddit.com/r/IOENepal/comments/1c7v71d/help/l0ahhfp/,https://www.reddit.com/r/IOENepal/comments/1c7v71d/help/,https://www.reddit.com/r/IOENepal/comments/1c7v71d/help/l0ahcpm/?context=3,reddit,
https://reddit.com/r/IOENepal/comments/1c7v71d/help/l0ahhfp/,https://www.reddit.com/r/IOENepal/comments/1c7v71d/help/,https://www.reddit.com/message/compose/?to=Watchful1&subject=RemindMeBot%20Feedback,reddit,
https://reddit.com/r/IOENepal/comments/1c6ak8g/tips_on_passing_edc_back/kzzr5w5/,https://www.reddit.com/r/IOENepal/comments/1c6ak8g/tips_on_passing_edc_back/,https://youtube.com/playlist?list=PLDdqAl5wWxmSR_tEkucMX1EfUC-8Q_0II&si=YQVV3ODfFxl-hVD2,other,
https://reddit.com/r/IOENepal/comments/1c65tcs/scared_of_engineering_drawing_back/kzzpkcv/,https://www.reddit.com/r/IOENepal/comments/1c65tcs/scared_of_engineering_drawing_back/,https://youtube.com/playlist?list=PLDN15nk5uLiD3MEUiqsYPnZOHcVu7um6_&si=fUnwjvt3RRGEnQdm,other,
https://reddit.com/r/IOENepal/comments/1c5yvhw/microsyallabus_of_new_syallabus_for_bct_2080/kzxkxvc/,https://www.reddit.com/r/IOENepal/comments/1c5yvhw/microsyallabus_of_new_syallabus_for_bct_2080/,https://acem.edu.np/pages/downloads/New-Syllabus-BCT/,other,
https://reddit.com/r/IOENepal/comments/1c5h52a/aerospace_engineering/kzu440t/,https://www.reddit.com/r/IOENepal/comments/1c5h52a/aerospace_engineering/,https://twitter.com/AeroSudip,other,
https://reddit.com/r/IOENepal/comments/1c4iari/digital_logic/kznq9uh/,https://www.reddit.com/r/IOENepal/comments/1c4iari/digital_logic/,https://www.youtube.com/playlist?list=PLkOG6WHx9kaRLC4exiwKoWZJeFSZZxjXh,youtube,
https://reddit.com/r/IOENepal/comments/1c4iari/digital_logic/kznq9uh/,https://www.reddit.com/r/IOENepal/comments/1c4iari/digital_logic/,https://www.youtube.com/watch?v=EUosQBSw2qQ&list=PLMVr-fuhRGbWcQyb0Ejrf3LlZNt7QrfB2&index=2,youtube,
https://reddit.com/r/IOENepal/comments/1c4axlc/pcb_design/kzmjzod/,https://www.reddit.com/r/IOENepal/comments/1c4axlc/pcb_design/,https://www.youtube.com/watch?v=aVUqaB0IMh4&t=4360s,youtube,
https://reddit.com/r/IOENepal/comments/1c3qr8j/c_fortran/kzk51uh/,https://www.reddit.com/r/IOENepal/comments/1c3qr8j/c_fortran/,https://acem.edu.np/pages/downloads/odd-semester-faculty-wise/,other,
https://reddit.com/r/IOENepal/comments/1c3qr8j/c_fortran/kzk51uh/,https://www.reddit.com/r/IOENepal/comments/1c3qr8j/c_fortran/,https://acem.edu.np/pages/downloads/old-questions/,other,
